{"cameraMode":{"drawMode":0,"name":"Shaded","section":"Shading Mode"},"sceneLighting":true,"audioPlay":false,"sceneViewState":{"showFog":true,"showMaterialUpdate":false,"showSkybox":true,"showFlares":true,"showImageEffects":true,"showParticleSystems":true},"in2DMode":false,"pivot":{"x":3.360105514526367,"y":0.5814370512962341,"z":8.877409934997559},"rotation":{"x":0.017528774216771127,"y":-0.13398264348506928,"z":-0.00237839063629508,"w":-0.9908493161201477},"size":8.735816955566407,"orthographic":false}